Workbook

Sheet Pending Tests
A1: ID | B1: Area | C1: Market | D1: Test | E1: Why it is pending | F1: Steps | G1: Expected result | H1: Environment | I1: Depends on | J1: Priority | K1: Status | L1: Job ID / Evidence | M1: Tested on | N1: Remarks
A2: T01 | B2: Master Data with Content | C2: MNAO | D2: en-CA companion locale - files present | E2: New 2026-10-11: an en-US schedule also processes en-CA (masterdata.companion.locales). Built, not yet run. | F2: 1. Put CA_EN-CA_<type>.xlsx files next to the en-US files in the MDM folder. 2. Schedule MNAO en-US with Master Data with Content. | G2: MASTER_DATA_LOAD_REPORT lists en-CA rows; MASTER_DATA_CATEGORY_REPORT lists en_CA categories; en-CA MDM rows end with sync status Y; log shows 'companion locale en-CA processed too'. | H2: MC Dev | I2: MDM country CA / manual language en-CA active | J2: High | K2: Pending
A3: T02 | B3: Master Data with Content | C3: MNAO | D3: en-CA companion locale - no en-CA file | E3: New 2026-10-11: a missing en-CA file must not fail the job. | F3: Schedule MNAO en-US with Master Data with Content, MDM folder WITHOUT CA_EN-CA files. | G3: No 'No master data file found' row for en-CA; log line 'companion locale en-CA :: no master data file'; en-CA rows already at N are sent to Kapture. | H3: MC Dev | I3: - | J3: High | K3: Pending
A4: T03 | B4: Schedule - Only content check | C4: MNAO | D4: Only content warning counts en-CA | E4: New 2026-10-11: the check now covers the companion locale. | F4: 1. Leave at least one en-CA MDM row at sync status N. 2. Schedule MNAO en-US with Only content. | G4: Warning appears and names 'locale en-US, en-CA'. With no N rows in en-US / en-CA: no warning. | H4: MC Dev | I4: - | J4: Medium | K4: Pending
A5: T04 | B5: Conversion re-test | C5: MC | D5: MC conversion on the current dmtgt.war with Master Data with Content | E5: 2026-10-10 category changes (DB mode, all-locales fill, last-row label rule) re-tested for MNAO only. | F5: Schedule MC ja-JP with Master Data with Content (e-WD / WM sample). | G5: Categories written in DB mode (no Kapture login for categories); new categories present in all k_default_locales; no label UPDATED for keys Master Data Syncing already set; documents created/updated as before. | H5: MC Dev | I5: - | J5: High | K5: Pending
A6: T05 | B6: Conversion re-test | C6: MME | D6: MME conversion on the current dmtgt.war with Master Data with Content | E6: Same as T04 - MME not re-tested since 2026-10-10. | F6: Schedule MME (e.g. en-UK / de-DE) with Master Data with Content. | G6: As T04 for the MME locale. | H6: MC Dev | I6: - | J6: High | K6: Pending
A7: T06 | B7: Schedule - Only content check | C7: MC / MME | D7: Only content warning per selected locale | E7: Per-locale check verified for MNAO only (5694). | F7: 1. Leave N rows in a locale that is NOT selected. 2. Schedule MC / MME with Only content for another locale. | G7: No warning for rows of the other locale; warning when the selected locale has N rows, message shows the locale. | H7: MC Dev | I7: - | J7: Medium | K7: Pending
A8: T07 | B8: Conversion - ESI | C8: MC | D8: ESI category mapping end to end | E8: Test esicat.txt used on MC Dev had 5-field lines (no ESI codes) - ESI path not proven for MC. | F8: Run an MC job whose esicat.txt carries ESI codes (8 fields, e.g. 04||041100||00). | G8: ESI TAXONOMY / MAPPED filled in the reports; documents tagged with the ESI categories in Kapture. | H8: MC Dev | I8: Business sample with ESI codes | J8: Medium | K8: Pending
A9: T08 | B9: Preview | C9: MC | D9: WD HTML_MC / HTML5 file documents in Preview | E9: No sample content of that type so far. | F9: Convert a WD HTML_MC / HTML5 item, open the Preview page. | G9: Pages render with their own model folder; voltage / window.open links work. | H9: MC Dev | I9: Business sample | J9: Low | K9: Pending
A10: T09 | B10: Preview | C10: All | D10: PDF inline display in Chrome | E10: Proven offline only. | F10: Open a PDF document in the Preview page in Chrome. | G10: PDF shows inline in the right pane. | H10: MC Dev | I10: - | J10: Low | K10: Pending
A11: T10 | B11: Conversion - WD | C11: MME | D11: WD voltage links resolve | E11: 84 links unresolved in 5617 because their targets were not loaded. | F11: Load NewM_CX-5_km/WM/FL0000/E-WZE-69P1_XML, re-run the WD item. | G11: Voltage links resolve; no 'unresolved' lines for them. | H11: MC Dev | I11: Target content loaded | J11: Low | K11: Pending
A12: T11 | B12: Conversion - WM | C12: MME | D12: BT-50 WM full volume (5,214 docs) | E12: Only partial volumes run so far. | F12: Schedule the full BT-50 WM item. | G12: Job completes; timings and failures in line with earlier runs. | H12: MC Dev | I12: - | J12: Low | K12: Pending
A13: T12 | B13: Conversion - WD | C13: MME | D13: window.js handling | E13: No MME sample with window.js yet. | F13: Run an MME item that carries window.js. | G13: window.js copied to OKAssets with /content/library prefix (MC rule). | H13: MC Dev | I13: Business sample | J13: Low | K13: Pending
... A15: T14 | B15: File behaviour | C15: All | D15: Re-check file-based behaviour after Syncthing | E15: rsync on /s3kapture brings deleted files back (preview.json, preview folders, reports, OKAssets). | F15: After Infra moves to Syncthing: run a delete job and a publish. | G15: Deleted preview docs stay gone from the earlier job's Preview page; report xlsx stay deleted after zipping; OKAssets deletes stay deleted. DB results unchanged (Delete counts, Kapture unpublished, preview_docs DELETED). | H15: MC Dev | I15: Infra: Syncthing live | J15: Medium | K15: Blocked
A16: T15 | B16: Automation (Facelift) | C16: MC | D16: IPM Facelift VIN Update end to end - Only Facelift | E16: Built 2026-10-11: InfoManager replaced by Kapture (read latest article, swap only the VIN categories, update, publish). | F16: 1. Put a ja_JP facelift Excel (11 columns) in Facelift_Content. 2. Validate Data, Identify, then select items and schedule with Only Facelift. | G16: Impacted SM / OSM / WD docs found; in Kapture only the old VIN categories are replaced by the new ones (other categories, user groups, views, owner unchanged); gms3_vc_japan_vin_details rows carry the new VIN + carline / model names; processed / failed counts and reports correct. | H16: MC Dev | I16: - | J16: High | K16: Passed | L16: MC Dev 5708 / 5715 | M16: 2026-10-12 | N16: ja-JP WD CX-5 (KM), 820 docs, 0 failures both runs (5708 Master Data with Facelift, 5715 Only Facelift); VINs swapped in Kapture + gms3_vc_japan_vin_details (user checked WD25070 / WD28673); no VIN manual type report for MC (5715).
A17: T16 | B17: Automation (Facelift) | C17: MME | D17: IPM Facelift VIN Update end to end - Only Facelift | E17: As T15; MME view content table now lowercase (gms3_vc_mme_vin_dtl_<locale>). | F17: As T15 with an MME locale (e.g. en_UK) in the Excel. | G17: As T15 on gms3_vc_mme_vin_dtl_<locale>; gms3_mdm_vin_ml_mapping updated; MME VIN manual type mapping report in the zip. | H17: MC Dev | I17: - | J17: High | K17: Pending
A18: T17 | B18: Automation (Facelift) | C18: MNAO | D18: IPM Facelift VIN Update end to end - Only Facelift | E18: As T15; legacy MNAO match kept (WMI / VDS / VIS, locale filter). | F18: As T15 with an en-US row in the Excel. | G18: As T15 on gms3_vc_vin_details (WMI / VDS / VIS of the matched rows replaced). | H18: MC Dev | I18: - | J18: High | K18: Pending
A19: T18 | B19: Automation (Facelift) | C19: All | D19: Abort from History + conversion regression | E19: History abort of an automation job no longer clears gms3_dmt_el_gr_nm_dispord; Schedule.java dead code removed and its per-request fields moved to ThreadLocals (touches the conversion threads too). | F19: 1. Start a conversion, then abort an automation job from History. 2. Run one normal conversion per market. | G19: Automation job aborted; display-order staging of the running conversion untouched; conversions finish as before with the right user id on the schedule. | H19: MC Dev | I19: - | J19: Medium | K19: Pending
A20: T19 | B20: QA regression | C20: MC | D20: Full DMT regression on QA | E20: DB changes applied on MC QA 2026-10-10 (Job 2 option 2); DMT app not yet tested there. | F20: Conversion (Master Data with Content + Only content), Publish, Delete, Master Data Syncing, Meta Data Validation, Automation. | G20: Same results as on MC Dev. | H20: MC QA | I20: dmtgt.war deployed on QA with QA properties | J20: High | K20: Pending
A21: T20 | B21: QA regression | C21: MME | D21: Full DMT regression on QA | E21: As T19. | F21: As T19. | G21: As T19. | H21: MC QA | I21: As T19 | J21: High | K21: Pending
A22: T21 | B22: QA regression | C22: MNAO | D22: Full DMT regression on QA (incl. en-CA companion) | E22: As T19. | F22: As T19 + T01-T03. | G22: As T19. | H22: MC QA | I22: As T19 | J22: High | K22: Pending
A23: T22 | B23: Automation (Facelift) | C23: All | D23: Facelift folder read - no upload | E23: New 2026-10-11: every Excel of Facelift_Content (beside MDM) is read instead of an upload. | F23: 1. No Facelift_Content folder / empty folder: open the IPM Facelift VIN Update page. 2. Two Excel files with mixed locales + an open Excel (~$ lock file) in the folder: Validate Data. | G23: 1. 'No Excel file found' message, no Validate button. 2. Both files listed (lock file not), rows of both read and validated; messages name the file and row. | H23: MC Dev | I23: - | J23: High | K23: Passed | L23: Local deploy (UI + validation) | M23: 2026-10-11 | N23: Validated by the user on the local dmtgt.war.
A24: T23 | B24: Automation (Facelift) | C24: All | D24: Validation errors | E24: Validation now against MDM + Kapture (k_categories / k_default_locales) instead of OK_IM. | F24: Excel with: a blank cell, an unknown locale, an OLD VIN missing in Kapture, an OLD VIN missing in MDM, a NEW VIN in neither MDM / Kapture nor the ALL_VIN file. Then one with more than 10 errors. | G24: One error per case naming Kapture / MDM, row and file; Identify button not shown. More than 10 errors: text file link. | H24: MC Dev | I24: - | J24: High | K24: Passed | L24: Local deploy (UI + validation) | M24: 2026-10-11 | N24: Validated by the user on the local dmtgt.war.
A25: T24 | B25: Automation (Facelift) | C25: All | D25: New VIN only in the ALL_VIN master data file | E25: New 2026-10-11: a new VIN range missing in Kapture passes validation when the locale's ALL_VIN file carries it (D rows excluded). | F25: 1. Excel row whose NEW VIN is only in the ALL_VIN file: Validate, Identify. 2. Schedule with Only Facelift. 3. Same range marked D in the ALL_VIN file: Validate. | G25: 1. Validation passes. 2. Refused with 'Only Facelift cannot be scheduled - n new VIN categories are not in Kapture yet'. 3. Validation error for the new VIN. | H25: MC Dev | I25: - | J25: High | K25: Pending
A26: T25 | B26: Automation (Facelift) | C26: All | D26: Master Data with Facelift | E26: New 2026-10-11: the master data of the item locales is loaded at the start of job B (like conversion); choice kept in dc_load_type. | F26: Continue T24: schedule the same items with Master Data with Facelift. | G26: Master data loaded first (new VIN category now in Kapture); documents updated with the new VIN and the refreshed model names; master data load / category reports inside the job zip; dc_load_type = MASTER_DATA_WITH_CONTENT. | H26: MC Dev | I26: T24 | J26: High | K26: Pending
A27: T26 | B27: Automation (Facelift) | C27: All | D27: Publish state kept | E27: D1: a document whose latest version is Published is updated and published again; a draft stays a draft. | F27: Include one document with a published latest version and one with a draft latest version in an item; run job B. | G27: k_article: the published one has a new live version carrying the new VIN; the draft one has a new draft, not published. | H27: MC Dev | I27: - | J27: High | K27: Passed | L27: MC Dev 5715 | M27: 2026-10-12 | N27: 54 published docs re-published, report version 4.0 (read back from k_article), vc_content_status Published; drafts stay Draft (e.g. WD28673 0.3).
A28: T27 | B28: Automation (Facelift) | C28: All | D28: Failed document keeps the old VIN | E28: Order per batch: Kapture first, view content only for documents Kapture accepted. | F28: Make one document fail in Kapture (e.g. locked / checked out by another user) and run job B. | G28: That document reported with KAPEXP003 / KAPEXP004 and counted as failed; its view content rows keep the OLD VIN; the other documents of the batch updated normally. | H28: MC Dev | I28: - | J28: Medium | K28: Pending
A29: T28 | B29: Schedule page | C29: All | D29: Two users on the Schedule page at the same time | E29: Schedule.java per-request fields (messages, server path, user id) were shared servlet fields - now ThreadLocals. | F29: Two users (different iv-user) work on the Schedule page at the same time; each schedules a job. | G29: Each sees their own messages; each schedule carries its own user id. | H29: MC Dev | I29: - | J29: Medium | K29: Pending
A30: T29 | B30: Regression | C30: All | D30: InfoManager removal - smoke of every screen | E30: 2026-10-11: infomanager package, build-lib/infomanager and the IM properties removed (all dead code). | F30: Deploy the new dmtgt.war; open every screen; run one Master Data Syncing and one Meta Data Validation. | G30: No ClassNotFound / NoClassDefFound in the catalina log; screens and jobs work as before. | H30: MC Dev | I30: - | J30: High | K30: Pending
A31: T30 | B31: Schedule - Conversion Go | C31: All | D31: Facelift run confirmation before the conversion records are listed | E31: New 2026-10-11: order with all three folders = MDM, then Facelift_Content (IPM Facelift VIN Update), then GMS3_Content. | F31: 1. Excel in Facelift_Content: select conversion filters, click Go, answer No. 2. Click Go again, answer Yes. 3. No Excel in Facelift_Content (or no folder): click Go. | G31: 1. Dialog 'Facelift Content found'; No = no records listed, nothing can be scheduled. 2. Records listed as before. 3. No dialog, records listed directly. | H31: MC Dev | I31: - | J31: High | K31: Passed | L31: Local deploy (UI) | M31: 2026-10-11 | N31: Validated by the user on the local dmtgt.war.
A32: T31 | B32: Automation (Facelift) | C32: All | D32: Old VIN ranges made inactive in MDM after a successful job | E32: New 2026-10-12: a successful job sets mdm_vin_flag = deleted (sync status cleared) for its old VIN ranges; Kapture untouched. | F32: 1. Run a job that ends Success. 2. Run a job with at least one failed document. | G32: 1. OLD_VIN_DEACTIVATION_REPORT.xlsx in the zip (DEACTIVATED, MDM locale shown); the old range no longer active in MDM; old VIN category still in Kapture. 2. No deactivation, no report; log 'the old VIN ranges stay active in MDM'. | H32: MC Dev | I32: - | J32: High | K32: Passed | L32: MC Dev 5715 | M32: 2026-10-12 | N32: Old range KM___KMY___100001199999 deactivated in MDM (ja-JP, 1 row); OLD_VIN_DEACTIVATION_REPORT.xlsx in the zip; Kapture untouched.
A33: T32 | B33: Automation (Facelift) | C33: All | D33: Identification job after its items are scheduled - count, remark, View | E33: New 2026-10-12: the count is kept (legacy reduced it to 0) with a remark naming the update job; View only while an item is left. | F33: 1. Identify, schedule ALL its items in an update job, refresh the job list during and after the job. 2. Identify with 2+ items, schedule ONE, refresh. | G33: 1. TOTAL DOCUMENTS unchanged; REMARKS '<n> documents (<locale> <channel> <model>) processed by MGSS_MDSYNC_...'; no View link. A View clicked on a stale page shows 'No item left to schedule...'. 2. View still shown, lists only the remaining item. | H33: MC Dev | I33: - | J33: Medium | K33: In Progress | L33: MC Dev identification job 59 / 5715 | M33: 2026-10-12 | N33: Step 1 OK (user): count stayed 820, remark shown, no View link. Step 2 (schedule one of two items) not run yet.
A34: T33 | B34: Conversion - display order file | C34: MC | D34: delete.txt is ignored (not read as a display order file) | E34: Fixed 2026-10-12: delete.txt is no longer used; the display order check compared the name with 'delete' only, so delete.txt was read as a display order file. Now: starts with d, ends with .txt, not delete.txt (Schedule screen + conversion). | F34: 1. Put a delete.txt beside vin.txt / d01.txt in a facelift folder. 2. Go, select the row, Schedule; let the job finish. | G34: Row accepted (no 'cannot be selected'); display order rows saved = d01.txt lines only; DISPLAY_ORDER / CD reports list d01.txt / CD00.txt only; delete.txt nowhere in reports; job Success. | H34: MC Dev | I34: - | J34: Medium | K34: Passed | L34: MC Dev 5729 | M34: 2026-10-12 | N34: ja-JP NewM_familia_van_ncp WM FL0001 with delete.txt in the folder: scheduled without error; 2,778 display order rows saved = d01.txt lines exactly (CD 2,778 from CD00.txt); DISPLAY_ORDER + CD reports 11/11 SUCCESS, d01.txt / CD00.txt only; TRANSACTION 11 SUCCESS, VIEW_CONTENT 22 SUCCESS; delete.txt in no report; 0 ERROR lines; preview 11 docs; job Success.
A35: T34 | B35: Conversion - display order file | C35: MME / MNAO | D35: delete.txt is ignored (not read as a display order file) | E35: Same fix in StartMMEConversionImpl / StartConversionMNAOImpl; run on MC only (T33). | F35: As T33 with an MME and an MNAO item. | G35: As T33. | H35: MC Dev | I35: - | J35: Low | K35: Pending
A36: T35 | B36: Settings page | C36: All | D36: Content Provision Guide + Download PDF | E36: New 2026-10-12: 10-tab guide under the network path; PDF (cover + contents with page numbers, page footer) shipped in the war. | F36: 1. Open Settings, click through all tabs, reload (last tab kept). 2. Click Download PDF. | G36: Tabs switch, content readable; PDF downloads with contents, page numbers, links and bookmarks. | H36: Local + MC Dev | I36: - | J36: Low | K36: Passed | L36: Local + MC Dev deploy | M36: 2026-10-12 | N36: Validated by the user on both deployments: guide tabs and PDF download (v2 with contents page numbers and footer).
A37: T36 | B37: Conversion - library paths sent to Kapture | C37: MC / MME / MNAO | D37: /content/ prefix on every /library/ path DMT sends to Kapture | E37: New 2026-10-13 (same rule as Job 10): kapture.library.path.context=/content. KaptureArticleBuilder prefixes HTML5_UPLOAD_DIRECTORY, DJVU_FILE_LOCATION, OASIS_FILE_LOCATION, OEM_FILE_LOCATION and every src / href starting /library/ in the HTML (img, a, link, embed). DMT tables + preview keep /library/. | F37: 1. Deploy the war with kapture.library.path.context=/content in application.properties. 2. Run one conversion per market: MC SM (with images + a PDF link), MME WD HTML5, MNAO WD HTML5 / DJVU (new layout), an OSM item, and an MC OEM item. 3. In Kapture open each document (or /latest-article) and check the path attributes and the img src / a href. 4. Open the documents in the Kapture viewer. | G37: Every library path reads /content/library/MAZDA/...; WD MNAO paths keep .../<model>/<manual type>/<facelift>/<material>/...; nothing is /content/content/; links to other documents (index?page=...) unchanged; images, PDFs and HTML5 / DJVU open. | H37: MC Dev | I37: - | J37: High | K37: Pending
A38: T37 | B38: Conversion - display order / CD cleanup | C38: MC | D38: Documents no longer in the display order (or CD file) lose their view content (CD data) | E38: New 2026-10-13/14: for the vin.txt material folders of the item, ACTIVE documents the display order files do not list lose their view content (CD: CD data). A document converted again lost it already in the document step - recorded (ClearedDisplayData) so it is reported too. Report: new OPERATION column (INSERT / DELETE). Preview NOT changed. | F38: 1. Run the familia item with the full d01.txt. 2. Remove some PDF and HTML lines from d01.txt and re-run. 3. Remove one more PDF and one more HTML line and re-run. | G38: Run 2/3: the removed documents = DISPLAY_ORDER.xlsx rows OPERATION DELETE, STATUS SUCCESS, remark 'VIEW CONTENT DELETED - DOCUMENT IS NOT IN THE DISPLAY ORDER FILE.'; log 'cleared by the document step and not re-created'; no view content rows left; they stay in the preview WITHOUT tree; documents dropped in an earlier run are not reported again. | H38: MC Dev | I38: - | J38: High | K38: Passed | L38: MC Dev 5736-5741 | M38: 2026-10-14 | N38: familia NewM_familia_van_ncp WM FL0001: 5739 (option A war) reported SM231910, SM231920 (PDF) + SM231261 (HTML) as DELETE / SUCCESS ('cleared by the document step and not re-created'); 5740 / 5741 did not report them again (no view content left); preview after the revert shows dropped documents without tree. CD: no CD lines removed, 'all in the CD files'.
A39: T38 | B39: Conversion - view content status | C39: MC | D39: Listed but not converted document keeps its published view content status | E39: New 2026-10-14: VC_CONTENT_STATUS follows the DMT document's published flag (ViewContentStatus) instead of always Draft. | F39: 1. Publish a familia PDF document. 2. Remove its source file, keep its line in d01.txt, re-run the item. 3. Query gms3_vc_japan_vin_details for the document. | G39: Document not in the preview, no DELETE row, INSERT SUCCESS in DISPLAY_ORDER.xlsx; its view content rows VC_CONTENT_STATUS = Published (Draft while it was unpublished). | H39: MC Dev | I39: - | J39: High | K39: Passed | L39: MC Dev 5741 / 5742 / 5743 | M39: 2026-10-14 | N39: SM231917 (J_DTSNAMELIST_4.pdf, source removed, kept in d01.txt): 5741 view content Draft (unpublished); published by 5742 from 5739 (0.6 -> 1.0); 5743 re-run: not in preview, INSERT SUCCESS, view content 2 rows Published (user query).
A40: T39 | B40: Conversion - display order / CD cleanup + view content status | C40: MME / MNAO | D40: T37 + T38 for MME (view content + CD) and MNAO (view content model year + VIN, no CD) | E40: Same code wired into StartMMEConversionImpl / StartConversionMNAOImpl and their DAOs; run on MC only (T37, T38). | F40: As T37 and T38 with an MME and an MNAO item. | G40: As T37 / T38 (MNAO: both gms3_vc_model_year_details and gms3_vc_vin_details). | H40: MC Dev | I40: T37, T38 | J40: Medium | K40: Passed | L40: Accepted on the MC result (T37 / T38) | M40: 2026-10-14 | N40: Closed by the user without a separate run: MME and MNAO use the same shared code (UnlistedDisplayData, ClearedDisplayData, ViewContentStatus) - MC result accepted for both.

Sheet Summary
A1: Status | B1: Count
A2: Pending | B2: =COUNTIF('Pending Tests'!K:K,"Pending")
A3: In Progress | B3: =COUNTIF('Pending Tests'!K:K,"In Progress")
A4: Passed | B4: =COUNTIF('Pending Tests'!K:K,"Passed")
A5: Failed | B5: =COUNTIF('Pending Tests'!K:K,"Failed")
A6: Blocked | B6: =COUNTIF('Pending Tests'!K:K,"Blocked")
A7: Not Applicable | B7: =COUNTIF('Pending Tests'!K:K,"Not Applicable")
A8: Total | B8: =SUM(B2:B7)
A10: Area | B10: Open (not Passed / Not Applicable)
A11: Master Data with Content | B11: =COUNTIFS('Pending Tests'!B:B,"Master Data with Content",'Pending Tests'!K:K,"<>Passed",'Pending Tests'!K:K,"<>Not Applicable")
A12: Schedule - Only content check | B12: =COUNTIFS('Pending Tests'!B:B,"Schedule - Only content check",'Pending Tests'!K:K,"<>Passed",'Pending Tests'!K:K,"<>Not Applicable")
A13: Conversion re-test | B13: =COUNTIFS('Pending Tests'!B:B,"Conversion re-test",'Pending Tests'!K:K,"<>Passed",'Pending Tests'!K:K,"<>Not Applicable")
A14: Conversion - ESI | B14: =COUNTIFS('Pending Tests'!B:B,"Conversion - ESI",'Pending Tests'!K:K,"<>Passed",'Pending Tests'!K:K,"<>Not Applicable")
A15: Preview | B15: =COUNTIFS('Pending Tests'!B:B,"Preview",'Pending Tests'!K:K,"<>Passed",'Pending Tests'!K:K,"<>Not Applicable")
A16: Conversion - WD | B16: =COUNTIFS('Pending Tests'!B:B,"Conversion - WD",'Pending Tests'!K:K,"<>Passed",'Pending Tests'!K:K,"<>Not Applicable")
A17: Conversion - WM | B17: =COUNTIFS('Pending Tests'!B:B,"Conversion - WM",'Pending Tests'!K:K,"<>Passed",'Pending Tests'!K:K,"<>Not Applicable")
A18: History | B18: =COUNTIFS('Pending Tests'!B:B,"History",'Pending Tests'!K:K,"<>Passed",'Pending Tests'!K:K,"<>Not Applicable")
A19: File behaviour | B19: =COUNTIFS('Pending Tests'!B:B,"File behaviour",'Pending Tests'!K:K,"<>Passed",'Pending Tests'!K:K,"<>Not Applicable")
A20: Automation (Facelift) | B20: =COUNTIFS('Pending Tests'!B:B,"Automation (Facelift)",'Pending Tests'!K:K,"<>Passed",'Pending Tests'!K:K,"<>Not Applicable")
A21: QA regression | B21: =COUNTIFS('Pending Tests'!B:B,"QA regression",'Pending Tests'!K:K,"<>Passed",'Pending Tests'!K:K,"<>Not Applicable")
A22: Schedule page | B22: =COUNTIFS('Pending Tests'!B:B,"Schedule page",'Pending Tests'!K:K,"<>Passed",'Pending Tests'!K:K,"<>Not Applicable")
A23: Regression | B23: =COUNTIFS('Pending Tests'!B:B,"Regression",'Pending Tests'!K:K,"<>Passed",'Pending Tests'!K:K,"<>Not Applicable")
A24: Schedule - Conversion Go | B24: =COUNTIFS('Pending Tests'!B:B,"Schedule - Conversion Go",'Pending Tests'!K:K,"<>Passed",'Pending Tests'!K:K,"<>Not Applicable")
A25: Conversion - display order file | B25: =COUNTIFS('Pending Tests'!B:B,"Conversion - display order file",'Pending Tests'!K:K,"<>Passed",'Pending Tests'!K:K,"<>Not Applicable")
A26: Settings page | B26: =COUNTIFS('Pending Tests'!B:B,"Settings page",'Pending Tests'!K:K,"<>Passed",'Pending Tests'!K:K,"<>Not Applicable")
A27: Conversion - library paths sent to Kapture | B27: =COUNTIFS('Pending Tests'!B:B,"Conversion - library paths sent to Kapture",'Pending Tests'!K:K,"<>Passed",'Pending Tests'!K:K,"<>Not Applicable")
A28: Conversion - display order / CD cleanup | B28: =COUNTIFS('Pending Tests'!B:B,"Conversion - display order / CD cleanup",'Pending Tests'!K:K,"<>Passed",'Pending Tests'!K:K,"<>Not Applicable")
A29: Conversion - view content status | B29: =COUNTIFS('Pending Tests'!B:B,"Conversion - view content status",'Pending Tests'!K:K,"<>Passed",'Pending Tests'!K:K,"<>Not Applicable")
A30: Conversion - display order / CD cleanup + view content status | B30: =COUNTIFS('Pending Tests'!B:B,"Conversion - display order / CD cleanup + view content status",'Pending Tests'!K:K,"<>Passed",'Pending Tests'!K:K,"<>Not Applicable")

Sheet External Dependencies
A1: ID | B1: Owner | C1: Item | D1: What closes it | E1: Status
A2: E01 | B2: Kapture | C2: Bulk update rollbacks ('Plugin instructed the server to rollback') under load on MC Dev | D2: Re-run of the affected items shows 0 rollbacks once Kapture deploys the fix. | E2: Open
A3: E02 | B3: Kapture | C3: 4 locked WD docs (aborted run 5511) + 11 PDFs refused | D3: Re-run the MC item after Kapture clears them; docs created. | E3: Open
A4: E03 | B4: Kapture | C4: Publish ~6.9 s/doc, bulk update ~2.3 s/doc; is parallel publish safe? | D4: Answer from Kapture; timing re-check if they change anything. | E4: Open
A5: E04 | B5: Infra | C5: rsync -> Syncthing on /s3kapture | D5: Unblocks T14. | E5: Open
A6: E05 | B6: Business data | C6: ENT <Revision Year/Month/Day> tags malformed (SAX error in log, CX-5 ENTs) | D6: Kept in the log on purpose as the marker; business fixes the tags. | E6: Open
A7: E06 | B7: Business data | C7: Voltage JS paths without FL folder; Hybrid carline KB*C3 vs KBAC3; ESI 409 names | D7: Business corrects source content. | E7: Open
A8: E07 | B8: Housekeeping | C8: Test category ZZDUPTEST01 on SC Dev (42 rows) | D8: Remove through the Kapture UI or Softclouds (no delete grant). | E8: Open

Sheet Open Decisions
A1: ID | B1: Decision | C1: Current state
A2: O7 | B2: Sanitizer: generic (Job 10 rules) vs legacy per-process cleaning | C2: Kept generic until decided.
A3: D1-D8 | B3: Automation decisions (publish state, Kapture read-back, DMT tables, vc_content_status, missing VIN category, channels, MNAO match, bulk) | C3: DECIDED 2026-10-11 and built: published stays published, read latest + swap VIN categories only, DMT tables untouched, missing new VIN = validation error unless in the ALL_VIN file, legacy MNAO match, set-based SQL. Load type = option B (dc_load_type).
A4: - | B4: Optional: skip unchanged documents on re-run (content hash); reuse the Kapture login | C4: User's call.

Sheet Closed (reference)
A1: Functionality | B1: Market | C1: Job IDs | D1: Closed on
A2: MC conversion + publish + delete | B2: MC | C2: 5546 / 5553 / 5595 / 5602 | D2: 2026-10-05
A3: MME conversion + publish | B3: MME | C3: 5603 / 5610 / 5617 | D3: 2026-10-05
A4: MNAO conversion + publish + delete | B4: MNAO | C4: 5673 / 5666 / 5680 | D4: 2026-10-07
A5: Master Data Syncing (InfoManager-free, DB mode, all-locales fill) | B5: All | C5: 899 / 906 / 913 | D5: 2026-10-10
A6: MNAO conversion re-test on the new war (Master Data with Content + Only content) | B6: MNAO | C6: 5687 / 5694 | D6: 2026-10-10
A7: Label rule aligned between both screens | B7: MNAO | C7: 5701 / 934 | D7: 2026-10-10
A8: D01 same refkey in two hierarchies - API = DB behaviour | B8: MNAO | C8: SC Dev API test | D8: 2026-10-10
A9: Meta Data Validation (all types, all markets) | B9: All | C9: 605-689 | D9: 2026-10-11

Sheet Legend
A1: Status | B1: Meaning
A2: Pending | B2: Not run yet
A3: In Progress | B3: Being run
A4: Passed | B4: Run, expected result seen - fill Job ID / Evidence + Tested on
A5: Failed | B5: Run, result differs - details in Remarks
A6: Blocked | B6: Cannot run until the 'Depends on' item is done
A7: Not Applicable | B7: Dropped by decision - reason in Remarks
